x, y
-1.46285, -94.40104
-1.46285, -111.06771
-1.4521, -108.28993
-1.4521, -91.62326
-1.4521, -74.9566
-1.4521, -58.28993
-1.4521, -41.62326
-1.4521, -24.9566
-1.4521, -8.28993
-1.4521, 8.37674
-1.4521, 25.0434
-1.4521, 41.71007
-1.4521, 58.37674
-1.4521, 75.0434
-1.4521, 91.71007
-1.45031, 108.37674
-1.44852, 125.0434
-1.44852, 141.71007
-1.44852, 158.37674
-1.44852, 175.0434
-1.44673, 191.71007
-1.44673, 208.37674
-1.44673, 225.0434
-1.44673, 241.71007
-1.44494, 258.37674
-1.44494, 275.0434
-1.44494, 291.71007
-1.44494, 308.37674
-1.44315, 325.0434
-1.44136, 341.71007
-1.43957, 358.37674
-1.43599, 375.0434
-1.43599, 391.71007
-1.43599, 408.37674
-1.43599, 425.0434
-1.46106, -127.73438
-1.46106, -144.40104
-1.47001, -161.06771
-1.47717, -177.73438
-1.48791, -180.51215
-1.49329, -163.84549
-1.49329, -147.17882
-1.49508, -130.51215
-1.50224, -113.84549
-1.50582, -97.17882
-1.50761, -80.51215
-1.50761, -63.84549
-1.5094, -47.17882
-1.51119, -30.51215
-1.52014, -13.84549
-1.52193, 2.82118
-1.52372, 19.48785
-1.52372, 36.15451
-1.52551, 52.82118
-1.52551, 69.48785
-1.52551, 86.15451
-1.52731, 102.82118
-1.5291, 119.48785
-1.53447, 136.15451
-1.53626, 152.82118
-1.53984, 169.48785
-1.54163, 186.15451
-1.54163, 202.82118
-1.54521, 219.48785
-1.547, 236.15451
-1.547, 252.82118
-1.547, 269.48785
-1.547, 286.15451
-1.42883, 355.59896
-1.42704, 338.93229
-1.42525, 322.26563
-1.42167, 305.59896
-1.42167, 288.93229
-1.42167, 272.26563
-1.42167, 255.59896
-1.41987, 238.93229
-1.41987, 222.26563
-1.41987, 205.59896
-1.41987, 188.93229
-1.41987, 172.26563
-1.41808, 155.59896
-1.41629, 138.93229
-1.4145, 122.26563
-1.4145, 105.59896
-1.41271, 88.93229
-1.41271, 72.26563
-1.41271, 55.59896
-1.41271, 38.93229
-1.41271, 22.26563
-1.41271, 5.59896
-1.41092, -11.06771
-1.40734, -27.73438
-1.40734, -44.40104
-1.40555, -61.06771
-1.45748, -161.06771
-1.45748, -177.73438
-1.48075, -197.17882
-1.48612, -213.84549
-1.48791, -230.51215
-1.55595, 205.59896
-1.55774, 188.93229
-1.55774, 172.26563
-1.55774, 155.59896
-1.55953, 138.93229
-1.55953, 122.26563
-1.56132, 105.59896
-1.56132, 88.93229
-1.56132, 72.26563
-1.56132, 55.59896
-1.56312, 38.93229
-1.56312, 22.26563
-1.56312, 5.59896
-1.56312, -11.06771
-1.56491, -27.73438
-1.56491, -44.40104
-1.56491, -61.06771
-1.56491, -77.73438
-1.5667, -94.40104
-1.5667, -111.06771
-1.5667, -127.73438
-1.5667, -144.40104
-1.56849, -161.06771
-1.56849, -177.73438
-1.57028, -194.40104
-1.57028, -211.06771
-1.57386, -227.73438
-1.40018, -77.73438
-1.39302, -94.40104
-1.38406, -77.73438
-1.3769, -61.06771
-1.37332, -44.40104
-1.37511, -27.73438
-1.47359, -213.84549
-1.4718, -230.51215
-1.4718, -247.17882
-1.4718, -263.84549
-1.4718, -280.51215
-1.4718, -297.17882
-1.57565, -244.40104
-1.57565, -261.06771
-1.57744, -277.73438
-1.39302, -111.06771
-1.3966, -127.73438
-1.3966, -144.40104
-1.39302, -161.06771
-1.39302, -177.73438
-1.36616, -49.9566
-1.36437, -33.28993
-1.36437, -16.62326
-1.36437, 0.0434
-1.36616, -66.62326
-1.36616, -83.28993
-1.36437, -99.9566
-1.359, -116.62326
-1.359, -133.28993
-1.35721, -149.9566
-1.35721, -166.62326
-1.35542, -183.28993
-1.35184, -199.9566
-1.34109, -191.62326
-1.34109, -174.9566
-1.34109, -158.28993
-1.34109, -141.62326
-1.3393, -124.9566
-1.33751, -108.28993
-1.33751, -91.62326
-1.33751, -74.9566
-1.33751, -58.28993
-1.33751, -41.62326
-1.33751, -24.9566
-1.33751, -8.28993
-1.33572, 8.37674
-1.33572, 25.0434
-1.33572, 41.71007
-1.33393, 58.37674
-1.33393, 75.0434
-1.33393, 91.71007
-1.33393, 108.37674
-1.33393, 125.0434
-1.33393, 141.71007
-1.33393, 158.37674
-1.33393, 175.0434
-1.33393, 191.71007
-1.33214, 208.37674
-1.33214, 225.0434
-1.32856, 241.71007
-1.32498, 258.37674
-1.3214, 275.0434
-1.31961, 291.71007
-1.3214, 308.37674
-1.34825, -216.62326
-1.34467, -233.28993
-1.34646, -249.9566
-1.34467, -266.62326
-1.34467, -283.28993
-1.31423, 252.82118
-1.31244, 236.15451
-1.31244, 219.48785
-1.31065, 202.82118
-1.31065, 186.15451
-1.31065, 169.48785
-1.30886, 152.82118
-1.30886, 136.15451
-1.30707, 119.48785
-1.30707, 102.82118
-1.30707, 86.15451
-1.30528, 69.48785
-1.30528, 52.82118
-1.30349, 36.15451
-1.30349, 19.48785
-1.3017, 2.82118
-1.3017, -13.84549
-1.3017, -30.51215
-1.3017, -47.17882
-1.29991, -63.84549
-1.29991, -80.51215
-1.29812, -97.17882
-1.29633, -113.84549
-1.28559, -102.73438
-1.28559, -86.06771
-1.2838, -69.40104
-1.28201, -52.73438
-1.27305, -36.06771
-1.27305, -19.40104
-1.26768, -2.73438
-1.26589, 13.93229
-1.26231, 30.59896
-1.26052, 47.26563
-1.26231, 63.93229
-1.26231, 80.59896
-1.26052, 97.26563
-1.26231, 113.93229
-1.29275, -130.51215
-1.28917, -147.17882
-1.28738, -163.84549
-1.26947, -52.73438
-1.26947, -69.40104
-1.26947, -86.06771
-1.26947, -102.73438
-1.25873, -2.73438
-1.25694, -19.40104
-1.25515, -36.06771
-1.25515, -52.73438
-1.25336, -69.40104
-1.25336, -86.06771
-1.25336, -102.73438
-1.24978, -119.40104
-1.24261, -102.73438
-1.23724, -86.06771
-1.23724, -69.40104
-1.2462, -136.06771
-1.2462, -152.73438
-1.2462, -169.40104
-1.23545, -119.40104
-1.23366, -136.06771
-1.2265, -119.40104
-1.22471, -102.73438
-1.22292, -86.06771
-1.22113, -69.40104
-1.22113, -52.73438
-1.21755, -36.06771
-1.21576, -19.40104
-1.21576, -2.73438
-1.21576, 13.93229
-1.21576, 30.59896
-1.21576, 47.26563
-1.21397, 63.93229
-1.21397, 80.59896
-1.21397, 97.26563
-1.21397, 113.93229
-1.21397, 130.59896
-1.21218, 147.26563
-1.21218, 163.93229
-1.21218, 180.59896
-1.21038, 197.26563
-1.21038, 213.93229
-1.21038, 230.59896
-1.20859, 247.26563
-1.20859, 263.93229
-1.20859, 280.59896
-1.20859, 297.26563
-1.2068, 313.93229
-1.20501, 330.59896
-1.23187, -152.73438
-1.23008, -169.40104
-1.23008, -186.06771
-1.23008, -202.73438
-1.23008, -219.40104
-1.22829, -236.06771
-1.19606, 325.0434
-1.19427, 341.71007
-1.19427, 308.37674
-1.19248, 291.71007
-1.19248, 275.0434
-1.19248, 258.37674
-1.19069, 241.71007
-1.19248, 225.0434
-1.19069, 208.37674
-1.19069, 191.71007
-1.1889, 175.0434
-1.18532, 158.37674
-1.18353, 141.71007
-1.18353, 125.0434
-1.18353, 108.37674
-1.18353, 91.71007
-1.18174, 75.0434
-1.18174, 58.37674
-1.17816, 41.71007
-1.17816, 25.0434
-1.17637, 8.37674
-1.17637, -8.28993
-1.17457, -24.9566
-1.17278, -41.62326
-1.17278, -58.28993
-1.1692, -74.9566
-1.15846, -63.84549
-1.15846, -47.17882
-1.15846, -30.51215
-1.16204, -91.62326
-1.16741, -108.28993
-1.16741, -124.9566
-1.15667, -108.28993
-1.15488, -124.9566
-1.1513, -141.62326
-1.14056, -149.9566
-1.13697, -133.28993
-1.13339, -116.62326
-1.1316, -99.9566
-1.12981, -83.28993
-1.1316, -66.62326
-1.14235, -166.62326
-1.14235, -183.28993
-1.14056, -199.9566
-1.14056, -216.62326
-1.1316, -166.62326
-1.1316, -183.28993
-1.12265, -116.62326
-1.12086, -133.28993
-1.12086, -149.9566
-1.12086, -166.62326
-1.12086, -183.28993
-1.12086, -199.9566
-1.12086, -216.62326
-1.11907, -233.28993
-1.11728, -249.9566
-1.11549, -266.62326
-1.10654, -249.9566
-1.10654, -233.28993
-1.10654, -216.62326
-1.10654, -199.9566
-1.10654, -183.28993
-1.10474, -166.62326
-1.10474, -149.9566
-1.10474, -133.28993
-1.10295, -116.62326
-1.10295, -99.9566
-1.10295, -83.28993
-1.10116, -66.62326
-1.10116, -49.9566
-1.10116, -33.28993
-1.09758, -16.62326
-1.09758, 0.0434
-1.09579, 16.71007
-1.09579, 33.37674
-1.094, 50.0434
-1.094, 66.71007
-1.09221, 83.37674
-1.09221, 100.0434
-1.09221, 116.71007
-1.09221, 133.37674
-1.09221, 150.0434
-1.09042, 166.71007
-1.09221, 183.37674
-1.09042, 200.0434
-1.09042, 216.71007
-1.09042, 233.37674
-1.09042, 250.0434
-1.08863, 266.71007
-1.08505, 283.37674
-1.08505, 300.0434
-1.1137, -283.28993
-1.11549, -299.9566
-1.11549, -316.62326
-1.11549, -333.28993
-1.07968, 250.0434
-1.07789, 233.37674
-1.07789, 216.71007
-1.0761, 200.0434
-1.07252, 183.37674
-1.06535, 200.0434
-1.06893, 166.71007
-1.07252, 150.0434
-1.06177, 150.0434
-1.06177, 133.37674
-1.06177, 116.71007
-1.06177, 100.0434
-1.05998, 83.37674
-1.0564, 66.71007
-1.04924, 50.0434
-1.04029, 66.71007
-1.04208, 83.37674
-1.04387, 100.0434
-1.05103, 33.37674
-1.05103, 16.71007
-1.0385, 44.48785
-1.03671, 27.82118
-1.02596, 16.71007
-1.02417, 33.37674
-1.02417, 50.0434
-1.02417, 66.71007
-1.02775, 0.0434
-1.02417, -16.62326
-1.02059, -33.28993
-1.0188, -49.9566
-1.0188, -66.62326
-1.01522, -83.28993
-1.01522, -99.9566
-1.01343, -116.62326
-1.00806, -133.28993
-0.99731, -133.28993
-0.99373, -116.62326
-0.99194, -99.9566
-0.99194, -83.28993
-0.99194, -66.62326
-0.99194, -49.9566
-0.99731, -149.9566
-0.99731, -166.62326
-0.99731, -183.28993
-0.99194, -199.9566
-0.99552, -216.62326
-0.99552, -233.28993
-0.98299, -216.62326
-0.97941, -199.9566
-0.97941, -183.28993
-0.97941, -166.62326
-0.97762, -149.9566
-0.97762, -133.28993
-0.97583, -116.62326
-0.97583, -99.9566
-0.97583, -83.28993
-0.97583, -66.62326
-0.97583, -49.9566
-0.97583, -33.28993
-0.97404, -16.62326
-0.97404, 0.0434
-0.97225, 16.71007
-0.97046, 33.37674
-0.97046, 50.0434
-0.97046, 66.71007
-0.96867, 83.37674
-0.96867, 100.0434
-0.96867, 116.71007
-0.96867, 133.37674
-0.96867, 150.0434
-0.96867, 166.71007
-0.96688, 183.37674
-0.96688, 200.0434
-0.96688, 216.71007
-0.96688, 233.37674
-0.96688, 250.0434
-0.96688, 266.71007
-0.96688, 283.37674
-0.96509, 300.0434
-0.96329, 316.71007
-0.9615, 333.37674
-0.9615, 350.0434
-0.9812, -233.28993
-0.9812, -249.9566
-0.95613, 300.0434
-0.95434, 283.37674
-0.95255, 266.71007
-0.94897, 250.0434
-0.94718, 233.37674
-0.94718, 216.71007
-0.94718, 200.0434
-0.94539, 183.37674
-0.9436, 166.71007
-0.9436, 150.0434
-0.9436, 133.37674
-0.9436, 116.71007
-0.94181, 100.0434
-0.94002, 83.37674
-0.93823, 66.71007
-0.93644, 50.0434
-0.93644, 33.37674
-0.93644, 16.71007
-0.93286, 0.0434
-0.93107, -16.62326
-0.93107, -33.28993
-0.92927, -49.9566
-0.92927, -66.62326
-0.92927, -83.28993
-0.92927, -99.9566
-0.92748, -116.62326
-0.92569, -133.28993
-0.91495, -133.28993
-0.91853, -116.62326
-0.92569, -149.9566
-0.91495, -149.9566
-0.90779, -116.62326
-0.90779, -99.9566
-0.90779, -83.28993
-0.90779, -66.62326
-0.90242, -49.9566
-0.90242, -33.28993
-0.90242, -16.62326
-0.90242, 0.0434
-0.90421, 16.71007
-0.89705, -69.40104
-0.89346, -86.06771
-0.89346, -102.73438
-0.88451, -119.40104
-0.88093, -136.06771
-0.87914, -152.73438
-0.87914, -169.40104
-0.87556, -186.06771
-0.86482, -177.73438
-0.86482, -161.06771
-0.86303, -144.40104
-0.86303, -127.73438
-0.85944, -111.06771
-0.85944, -94.40104
-0.85944, -77.73438
-0.85944, -61.06771
-0.85765, -44.40104
-0.85765, -27.73438
-0.85765, -11.06771
-0.85586, 5.59896
-0.85407, 22.26563
-0.85407, 38.93229
-0.85407, 55.59896
-0.85228, 72.26563
-0.85228, 88.93229
-0.85049, 105.59896
-0.8487, 122.26563
-0.8487, 138.93229
-0.8487, 155.59896
-0.8487, 172.26563
-0.84333, 188.93229
-0.84691, 205.59896
-0.84512, 222.26563
-0.87198, -202.73438
-0.83796, 158.37674
-0.83796, 141.71007
-0.83617, 125.0434
-0.8308, 108.37674
-0.82543, 91.71007
-0.81826, 108.37674
-0.81647, 125.0434
-0.8111, 141.71007
-0.8111, 158.37674
-0.81289, 175.0434
-0.81289, 191.71007
-0.81289, 208.37674
-0.8111, 225.0434
-0.80752, 108.37674
-0.80215, 91.71007
-0.80036, 75.0434
-0.80036, 58.37674
-0.7932, 41.71007
-0.79141, 25.0434
-0.78962, 8.37674
-0.78962, -8.28993
-0.78603, -24.9566
-0.77529, -16.62326
-0.77529, 0.0434
-0.78245, -41.62326
-0.77708, -58.28993
-0.77529, -74.9566
-0.77529, -91.62326
-0.7735, -108.28993
-0.77171, -124.9566
-0.77171, -141.62326
-0.77171, -158.28993
-0.76634, -174.9566
-0.76634, -191.62326
-0.76813, -208.28993
-0.76813, -224.9566
-0.7556, -183.28993
-0.75022, -166.62326
-0.75201, -149.9566
-0.75201, -133.28993
-0.75201, -116.62326
-0.7538, -199.9566
-0.75739, -216.62326
-0.75739, -233.28993
-0.74306, -149.9566
-0.74127, -133.28993
-0.74127, -116.62326
-0.74127, -99.9566
-0.74127, -83.28993
-0.74127, -66.62326
-0.73948, -49.9566
-0.73948, -33.28993
-0.73769, -16.62326
-0.73769, 0.0434
-0.73769, 16.71007
-0.7359, 33.37674
-0.7359, 50.0434
-0.73411, 66.71007
-0.73411, 83.37674
-0.73411, 100.0434
-0.73411, 116.71007
-0.73411, 133.37674
-0.73411, 150.0434
-0.73232, 166.71007
-0.73232, 183.37674
-0.73053, 200.0434
-0.72874, 216.71007
-0.72516, 233.37674
-0.72516, 250.0434
-0.72516, 266.71007
-0.72516, 283.37674
-0.74664, -216.62326
-0.74664, -233.28993
-0.74664, -249.9566
-0.71799, 205.59896
-0.71083, 222.26563
-0.71083, 238.93229
-0.71083, 255.59896
-0.71083, 272.26563
-0.71083, 288.93229
-0.71441, 188.93229
-0.70546, 172.26563
-0.70367, 155.59896
-0.70367, 138.93229
-0.70188, 122.26563
-0.70188, 105.59896
-0.70188, 88.93229
-0.70009, 72.26563
-0.6983, 55.59896
-0.6983, 38.93229
-0.6983, 22.26563
-0.6983, 5.59896
-0.6983, -11.06771
-0.68756, -16.62326
-0.68577, 0.0434
-0.68039, 16.71007
-0.68039, 33.37674
-0.68039, 50.0434
-0.6786, 66.71007
-0.7162, 172.26563
-0.69472, -33.28993
-0.67502, 0.0434
-0.67502, -16.62326
-0.67502, -33.28993
-0.67323, -49.9566
-0.67144, -66.62326
-0.66965, -83.28993
-0.65891, -80.51215
-0.65533, -63.84549
-0.65533, -47.17882
-0.66607, -99.9566
-0.66786, -116.62326
-0.66607, -133.28993
-0.66249, -149.9566
-0.66428, -166.62326
-0.66428, -183.28993
-0.65175, -97.17882
-0.64996, -113.84549
-0.64996, -130.51215
-0.64458, -147.17882
-0.641, -163.84549
-0.63921, -180.51215
-0.63563, -197.17882
-0.62668, -180.51215
-0.6231, -163.84549
-0.6231, -147.17882
-0.6231, -130.51215
-0.62131, -113.84549
-0.62131, -97.17882
-0.62131, -80.51215
-0.61952, -63.84549
-0.61952, -47.17882
-0.61952, -30.51215
-0.61952, -13.84549
-0.61952, 2.82118
-0.61773, 19.48785
-0.61594, 36.15451
-0.61594, 52.82118
-0.61594, 69.48785
-0.61594, 86.15451
-0.61415, 102.82118
-0.61056, 119.48785
-0.60698, 136.15451
-0.60519, 152.82118
-0.60519, 169.48785
-0.60519, 186.15451
-0.63026, -213.84549
-0.59982, 111.15451
-0.59982, 94.48785
-0.59624, 77.82118
-0.58908, 94.48785
-0.58371, 111.15451
-0.58371, 127.82118
-0.58371, 144.48785
-0.59266, 61.15451
-0.57833, 80.59896
-0.56759, 77.82118
-0.56938, 97.26563
-0.56938, 61.15451
-0.56938, 44.48785
-0.57117, 27.82118
-0.56759, 11.15451
-0.55864, 100.0434
-0.55864, 116.71007
-0.55864, 133.37674
-0.55864, 150.0434
-0.55864, 166.71007
-0.55685, 77.82118
-0.55327, 61.15451
-0.55327, 44.48785
-0.55327, 27.82118
-0.55148, 11.15451
-0.55148, -5.51215
-0.55148, -22.17882
-0.55148, -38.84549
-0.55148, -55.51215
-0.5479, -72.17882
-0.54252, -88.84549
-0.54611, -105.51215
-0.53536, -116.62326
-0.53536, -133.28993
-0.53715, -149.9566
-0.52999, -149.9566
-0.5282, -166.62326
-0.51925, -149.9566
-0.51746, -133.28993
-0.51388, -116.62326
-0.51209, -99.9566
-0.5085, -83.28993
-0.50671, -66.62326
-0.50492, -49.9566
-0.50492, -33.28993
-0.50492, -16.62326
-0.50492, 0.0434
-0.50134, 16.71007
-0.50134, 33.37674
-0.49776, 50.0434
-0.49776, 66.71007
-0.49776, 83.37674
-0.49776, 100.0434
-0.49776, 116.71007
-0.49597, 133.37674
-0.49597, 150.0434
-0.49418, 166.71007
-0.49418, 183.37674
-0.49418, 200.0434
-0.49418, 216.71007
-0.49239, 233.37674
-0.49239, 250.0434
-0.49239, 266.71007
-0.49239, 283.37674
-0.4906, 300.0434
-0.48523, 316.71007
-0.48165, 333.37674
-0.52462, -183.28993
-0.52283, -199.9566
-0.52462, -216.62326
-0.47986, 300.0434
-0.47807, 283.37674
-0.47807, 266.71007
-0.47628, 250.0434
-0.47628, 233.37674
-0.47628, 216.71007
-0.47628, 200.0434
-0.47628, 183.37674
-0.47449, 166.71007
-0.47449, 150.0434
-0.47449, 133.37674
-0.47269, 116.71007
-0.4709, 100.0434
-0.46016, 97.26563
-0.46016, 113.93229
-0.46016, 130.59896
-0.46016, 147.26563
-0.46374, 80.59896
-0.46195, 63.93229
-0.45837, 47.26563
-0.45479, 30.59896
-0.45479, 13.93229
-0.45479, -2.73438
-0.45479, -19.40104
-0.45479, -36.06771
-0.453, -52.73438
-0.453, -69.40104
-0.44226, -74.9566
-0.44047, -58.28993
-0.44047, -41.62326
-0.44047, -24.9566
-0.44584, -91.62326
-0.44942, -108.28993
-0.44942, -124.9566
-0.43509, -102.73438
-0.4333, -119.40104
-0.4333, -136.06771
-0.43151, -152.73438
-0.42972, -169.40104
-0.42614, -186.06771
-0.42435, -202.73438
-0.42077, -219.40104
-0.4154, -186.06771
-0.4154, -169.40104
-0.41361, -152.73438
-0.41182, -136.06771
-0.41182, -119.40104
-0.41003, -102.73438
-0.41003, -86.06771
-0.40645, -69.40104
-0.40824, -52.73438
-0.42077, -236.06771
-0.42077, -252.73438
-0.39928, -97.17882
-0.39928, -113.84549
-0.39928, -130.51215
-0.39928, -147.17882
-0.39928, -163.84549
-0.3957, -180.51215
-0.3957, -197.17882
-0.3957, -213.84549
-0.3957, -230.51215
-0.39391, -247.17882
-0.39391, -263.84549
-0.38675, -247.17882
-0.38317, -230.51215
-0.38138, -213.84549
-0.38138, -197.17882
-0.37959, -180.51215
-0.37601, -163.84549
-0.37422, -147.17882
-0.37243, -130.51215
-0.37064, -113.84549
-0.37064, -97.17882
-0.37064, -80.51215
-0.37064, -63.84549
-0.37064, -47.17882
-0.37064, -30.51215
-0.37064, -13.84549
-0.37064, 2.82118
-0.37064, 19.48785
-0.37064, 36.15451
-0.37064, 52.82118
-0.36885, 69.48785
-0.36885, 86.15451
-0.36526, 102.82118
-0.36526, 119.48785
-0.35989, 136.15451
-0.35989, 152.82118
-0.35989, 169.48785
-0.35989, 186.15451
-0.35989, 202.82118
-0.35989, 219.48785
-0.3581, 236.15451
-0.3581, 252.82118
-0.35452, 269.48785
-0.35273, 286.15451
-0.35273, 302.82118
-0.35452, 319.48785
-0.35452, 336.15451
-0.35273, 352.82118
-0.35273, 369.48785
-0.35273, 386.15451
-0.35273, 402.82118
-0.35273, 419.48785
-0.39033, -280.51215
-0.34915, 252.82118
-0.34736, 236.15451
-0.34736, 219.48785
-0.34378, 202.82118
-0.3402, 186.15451
-0.33841, 169.48785
-0.33303, 152.82118
-0.33124, 136.15451
-0.33124, 119.48785
-0.32945, 102.82118
-0.32766, 86.15451
-0.32408, 69.48785
-0.31334, 66.71007
-0.30618, 83.37674
-0.30439, 100.0434
-0.30439, 116.71007
-0.30976, 133.37674
-0.3205, 50.0434
-0.31692, 33.37674
-0.31692, 16.71007
-0.31513, 0.0434
-0.31692, -16.62326
-0.30081, 66.71007
-0.30081, 50.0434
-0.29543, 33.37674
-0.29543, 16.71007
-0.29364, 0.0434
-0.29185, -16.62326
-0.29185, -33.28993
-0.28111, -24.9566
-0.2829, -8.28993
-0.28111, 8.37674
-0.29722, 133.37674
-0.29722, 150.0434
-0.29722, 166.71007
-0.29722, 183.37674
-0.28111, -49.9566
-0.27216, -33.28993
-0.27932, -66.62326
-0.27932, -83.28993
-0.27932, -99.9566
-0.27932, -116.62326
-0.27932, -133.28993
-0.27753, -149.9566
-0.27395, -166.62326
-0.27216, -183.28993
-0.27574, -199.9566
-0.27574, -216.62326
-0.26321, -199.9566
-0.25783, -183.28993
-0.25783, -166.62326
-0.25783, -149.9566
-0.25783, -133.28993
-0.25783, -116.62326
-0.25783, -99.9566
-0.25604, -83.28993
-0.25604, -66.62326
-0.25604, -49.9566
-0.25604, -33.28993
-0.25604, -16.62326
-0.25425, 0.0434
-0.25246, 16.71007
-0.25067, 33.37674
-0.24888, 50.0434
-0.2453, 66.71007
-0.2453, 83.37674
-0.2453, 100.0434
-0.24351, 116.71007
-0.24172, 133.37674
-0.24172, 150.0434
-0.24172, 166.71007
-0.24172, 183.37674
-0.24172, 200.0434
-0.24172, 216.71007
-0.24172, 233.37674
-0.24172, 250.0434
-0.23993, 266.71007
-0.26321, -216.62326
-0.26141, -233.28993
-0.23277, 250.0434
-0.23277, 233.37674
-0.23098, 216.71007
-0.23098, 200.0434
-0.22919, 183.37674
-0.22919, 166.71007
-0.22739, 150.0434
-0.2256, 133.37674
-0.2256, 116.71007
-0.2256, 100.0434
-0.2256, 83.37674
-0.2256, 66.71007
-0.2256, 50.0434
-0.22023, 33.37674
-0.22023, 16.71007
-0.21844, 0.0434
-0.22202, -16.62326
-0.2077, -5.51215
-0.2077, -22.17882
-0.2077, -38.84549
-0.20949, -55.51215
-0.19696, -19.40104
-0.19517, -36.06771
-0.19517, -52.73438
-0.19338, -69.40104
-0.19338, -86.06771
-0.19338, -102.73438
-0.19338, -119.40104
-0.19338, -136.06771
-0.18263, -130.51215
-0.17547, -113.84549
-0.17547, -97.17882
-0.17547, -80.51215
-0.17189, -63.84549
-0.17189, -47.17882
-0.17368, -30.51215
-0.18979, -152.73438
-0.18979, -169.40104
-0.18979, -186.06771
-0.18979, -202.73438
-0.18979, -219.40104
-0.18979, -236.06771
-0.16652, -130.51215
-0.16652, -147.17882
-0.16652, -163.84549
-0.16473, -180.51215
-0.16294, -197.17882
-0.15398, -180.51215
-0.1504, -163.84549
-0.14682, -147.17882
-0.14503, -130.51215
-0.14503, -113.84549
-0.15936, -213.84549
-0.15936, -230.51215
-0.15936, -247.17882
-0.13608, -155.51215
-0.13071, -138.84549
-0.13071, -122.17882
-0.13071, -105.51215
-0.13071, -88.84549
-0.13071, -72.17882
-0.13071, -55.51215
-0.13071, -38.84549
-0.13071, -22.17882
-0.12892, -5.51215
-0.12892, 11.15451
-0.12892, 27.82118
-0.12713, 44.48785
-0.12713, 61.15451
-0.12713, 77.82118
-0.12713, 94.48785
-0.12713, 111.15451
-0.12534, 127.82118
-0.12355, 144.48785
-0.12355, 161.15451
-0.12355, 177.82118
-0.12175, 194.48785
-0.12175, 211.15451
-0.11996, 227.82118
-0.11817, 244.48785
-0.11638, 261.15451
-0.11459, 277.82118
-0.10922, 294.48785
-0.1128, 311.15451
-0.11101, 327.82118
-0.13787, -172.17882
-0.10385, 275.0434
-0.10206, 258.37674
-0.10027, 241.71007
-0.10027, 225.0434
-0.09848, 208.37674
-0.09848, 191.71007
-0.09848, 175.0434
-0.09848, 158.37674
-0.09669, 141.71007
-0.09669, 125.0434
-0.0949, 108.37674
-0.0949, 91.71007
-0.09311, 75.0434
-0.09132, 58.37674
-0.08774, 41.71007
-0.08415, 25.0434
-0.08415, 8.37674
-0.07878, -8.28993
-0.07341, -24.9566
-0.06267, -22.17882
-0.05372, -5.51215
-0.05192, 11.15451
-0.0573, 27.82118
-0.0573, 44.48785
-0.0573, 61.15451
-0.07341, -41.62326
-0.06983, -58.28993
-0.06983, -74.9566
-0.06983, -91.62326
-0.05192, -30.51215
-0.04476, -47.17882
-0.04118, -63.84549
-0.04118, -80.51215
-0.04118, -97.17882
-0.04118, -113.84549
-0.04118, -130.51215
-0.03939, -147.17882
-0.03939, -163.84549
-0.02865, -163.84549
-0.02865, -147.17882
-0.02865, -130.51215
-0.02507, -113.84549
-0.02328, -97.17882
-0.01791, -80.51215
-0.01791, -63.84549
-0.01791, -47.17882
-0.01791, -30.51215
-0.01611, -13.84549
-0.01611, 2.82118
-0.0197, 19.48785
-0.03402, -180.51215
-0.03402, -197.17882
-0.03581, -213.84549
-0.01432, -113.84549
-0.01253, 19.48785
-1.69919, -119.40104
-1.70098, -136.06771
-1.71173, -138.84549
-1.71352, -122.17882
-1.71352, -105.51215
-1.71531, -88.84549
-1.71531, -72.17882
-1.71531, -55.51215
-1.7171, -38.84549
-1.72068, -22.17882
-1.72426, -5.51215
-1.72426, 11.15451
-1.72247, 27.82118
-1.70457, -155.51215
-1.70457, -172.17882
-1.70815, -188.84549
-1.70994, -205.51215
-1.70994, -222.17882
-1.70994, -238.84549
-1.70994, -255.51215
-1.735, -11.06771
-1.73859, 5.59896
-1.73859, 22.26563
-1.74575, 38.93229
-1.75649, 50.0434
-1.75649, 66.71007
-1.76007, 83.37674
-1.76365, 100.0434
-1.76723, 116.71007
-1.76723, 133.37674
-1.76902, 150.0434
-1.76902, 166.71007
-1.7744, 183.37674
-1.77619, 200.0434
-1.77798, 216.71007
-1.77977, 233.37674
-1.78335, 250.0434
-1.78514, 266.71007
-1.78514, 283.37674
-1.78335, 300.0434
-1.69561, -188.84549
-1.69024, -205.51215
-1.68308, -188.84549
-1.68308, -172.17882
-1.68129, -155.51215
-1.68129, -138.84549
-1.68129, -122.17882
-1.68129, -105.51215
-1.6795, -88.84549
-1.6795, -72.17882
-1.6795, -55.51215
-1.6795, -38.84549
-1.6795, -22.17882
-1.6795, -5.51215
-1.67771, 11.15451
-1.67771, 27.82118
-1.67771, 44.48785
-1.67592, 61.15451
-1.67592, 77.82118
-1.67413, 94.48785
-1.67413, 111.15451
-1.67055, 127.82118
-1.66876, 144.48785
-1.66876, 161.15451
-1.66697, 177.82118
-1.66697, 194.48785
-1.66338, 211.15451
-1.66338, 227.82118
-1.66159, 244.48785
-1.65443, 261.15451
-1.65622, 277.82118
-1.6598, 294.48785
-1.6598, 311.15451
-1.72963, -38.84549
-1.72963, -55.51215
-1.74038, -36.06771
-1.735, 47.26563
-1.75828, 33.37674
-1.76007, 16.71007
-1.76186, 0.0434
-1.76186, -16.62326
-1.74933, 86.15451
-1.74754, 102.82118
-1.74754, 119.48785
-1.74933, 136.15451
-1.79051, 230.59896
-1.79051, 213.93229
-1.79051, 197.26563
-1.7923, 180.59896
-1.79409, 163.93229
-1.80125, 180.59896
-1.80125, 197.26563
-1.80304, 213.93229
-1.68845, -222.17882
-1.68666, -238.84549
-1.68666, -255.51215
-1.65085, 233.37674
-1.64011, 219.48785
-1.79946, 147.26563
-1.79946, 130.59896
-1.80483, 113.93229
-1.80662, 97.26563
-1.80662, 80.59896
-1.80842, 63.93229
-1.81021, 47.26563
-1.81021, 30.59896
-1.81021, 13.93229
-1.81021, -2.73438
-1.81021, -19.40104
-1.81021, -36.06771
-1.81021, -52.73438
-1.812, -69.40104
-1.812, -86.06771
-1.81379, -102.73438
-1.81379, -119.40104
-1.81379, -136.06771
-1.81379, -152.73438
-1.81379, -169.40104
-1.81737, -186.06771
-1.65264, 216.71007
-1.65443, 200.0434
-1.63832, 202.82118
-1.63653, 186.15451
-1.63295, 169.48785
-1.63295, 152.82118
-1.63115, 136.15451
-1.62757, 119.48785
-1.62757, 102.82118
-1.62757, 86.15451
-1.62757, 69.48785
-1.62757, 52.82118
-1.62757, 36.15451
-1.62757, 19.48785
-1.62757, 2.82118
-1.6222, -13.84549
-1.61862, -30.51215
-1.61862, -47.17882
-1.61862, -63.84549
-1.61504, -80.51215
-1.61504, -97.17882
-1.61504, -113.84549
-1.61504, -130.51215
-1.61504, -147.17882
-1.61504, -163.84549
-1.60967, -180.51215
-1.59893, -163.84549
-1.59893, -147.17882
-1.59893, -130.51215
-1.59893, -113.84549
-1.82274, -202.73438
-1.82632, -219.40104
-1.82811, -236.06771
-1.8299, -252.73438
-1.8299, -269.40104
-1.8299, -286.06771
-1.8299, -302.73438
-1.84064, -297.17882
-1.84064, -280.51215
-1.84423, -263.84549
-1.84602, -247.17882
-1.85318, -230.51215
-1.85318, -213.84549
-1.85318, -197.17882
-1.85318, -180.51215
-1.85318, -163.84549
-1.85318, -147.17882
-1.85318, -130.51215
-1.85318, -113.84549
-1.85318, -97.17882
-1.85497, -80.51215
-1.85676, -63.84549
-1.86034, -47.17882
-1.86571, -30.51215
-1.87108, -13.84549
-1.87108, 2.82118
-1.60788, -197.17882
-1.60788, -213.84549
-1.60788, -230.51215
-1.61146, -247.17882
-1.58818, -174.9566
-1.5846, -158.28993
-1.5846, -141.62326
-1.83527, -319.40104
-1.83348, -336.06771
-1.84244, -230.51215
-1.84244, -213.84549
-1.86213, -97.17882
-1.85676, -13.84549
-1.87645, -38.84549
-1.88004, -55.51215
-1.89078, -55.51215
-1.89257, -38.84549
-1.89257, -22.17882
-1.89257, -5.51215
-1.89257, 11.15451
-1.89257, 27.82118
-1.89257, 44.48785
-1.89257, 61.15451
-1.89794, 77.82118
-1.90331, 94.48785
-1.90689, 111.15451
-1.90868, 127.82118
-1.90868, 144.48785
-1.90868, 161.15451
-1.90868, 177.82118
-1.90868, 194.48785
-1.91047, 211.15451
-1.91047, 227.82118
-1.91226, 244.48785
-1.91585, 261.15451
-1.91585, 277.82118
-1.91585, 294.48785
-1.91585, 311.15451
-1.58997, -191.62326
-1.58997, -208.28993
-1.58997, -224.9566
-1.88541, -72.17882
-1.88541, -88.84549
-1.88541, -105.51215
-1.91943, 227.82118
-1.92122, 211.15451
-1.92122, 194.48785
-1.92122, 177.82118
-1.92122, 161.15451
-1.92122, 144.48785
-1.92122, 127.82118
-1.92301, 111.15451
-1.9248, 94.48785
-1.9248, 77.82118
-1.9248, 61.15451
-1.92659, 44.48785
-1.92838, 27.82118
-1.92838, 11.15451
-1.92838, -5.51215
-1.92838, -22.17882
-1.92838, -38.84549
-1.93196, -55.51215
-1.93196, -72.17882
-1.94091, -55.51215
-1.94091, -38.84549
-1.9427, -22.17882
-1.94449, -5.51215
-1.94628, 11.15451
-1.94628, 27.82118
-1.94628, 44.48785
-1.93554, -88.84549
-1.93554, -105.51215
-1.95345, -22.17882
-1.95703, -38.84549
-1.95882, -55.51215
-1.96061, -72.17882
-1.96419, -88.84549
-1.96956, -105.51215
-1.97672, -88.84549
-1.97851, -72.17882
-1.97851, -55.51215
-1.96956, -122.17882
-1.97314, -138.84549
-1.97314, -155.51215
-0.01253, 52.82118
-0.01253, 36.15451
-1.39481, -61.06771
-1.40555, -94.40104
-1.38227, -94.40104
-1.40376, -111.06771
-1.38227, -111.06771
-1.47001, -194.40104
-1.58102, -211.06771
-1.31423, 269.48785
-1.27305, -2.73438
-1.23724, -52.73438
-1.2265, -252.73438
-1.19427, 358.37674
-1.12981, -149.9566
-1.1513, -158.28993
-1.13339, -199.9566
-1.13697, -49.9566
-1.12623, -49.9566
-1.10474, -269.40104
-1.00806, -149.9566
-0.98657, -149.9566
-1.00806, -166.62326
-0.98657, -166.62326
-0.98657, -183.28993
-0.95971, 366.71007
-0.89526, -119.40104
-0.86482, -194.40104
-0.87377, -219.40104
-0.82184, 75.0434
-0.80573, 41.71007
-0.74485, -183.28993
-0.76992, -241.62326
-0.70725, 208.37674
-0.71979, 155.59896
-0.71979, 138.93229
-0.71979, 122.26563
-0.65175, -163.84549
-0.62489, -197.17882
-0.62847, -230.51215
-0.60877, 202.82118
-0.52462, -233.28993
-0.48344, 350.0434
-0.46732, 47.26563
-0.43509, -186.06771
-0.40824, -36.06771
-0.39212, -297.17882
-0.34378, 152.82118
-0.29543, 83.37674
-0.30976, 150.0434
-0.27037, -49.9566
-0.29006, -66.62326
-0.29006, -83.28993
-0.29006, -99.9566
-0.29006, -116.62326
-0.26858, -130.51215
-0.29006, -133.28993
-0.28827, -149.9566
-0.28648, -166.62326
-0.23993, 283.37674
-0.19158, -252.73438
-0.16294, -263.84549
-0.15219, -197.17882
-0.08953, -8.28993
-0.05372, -47.17882
-0.06983, -108.28993
-0.01253, -97.17882
-0.01611, -130.51215
-0.04655, 27.82118
-0.13787, -188.84549
-0.20233, 11.15451
-0.53357, -72.17882
-0.57296, 113.93229
-0.64458, -113.84549
-0.76097, -158.28993
-0.76634, -141.62326
-0.76634, -124.9566
-0.87914, -102.73438
-0.99194, -33.28993
-1.04566, 116.71007
-1.91585, 327.82118
-1.85497, -30.51215
-1.82632, -169.40104
-1.80483, 163.93229
-1.74575, 69.48785
-1.61325, -263.84549
-1.57923, -191.62326
-1.63653, 236.15451